{
  "message": "Hello {userfullname}, welcome to LimeFlight! We're currently configuring your Mac for optimal performance.",
  "icon": "/Library/Application Support/SwiftDialogResources/icons/CompanyPortal.png",
  "title": "macOS Setup - LimeFlight Onboarding",
  "infobox": "We're setting up your Mac with essential applications and settings.\n\n**Note:** This process will take a few minutes and your Mac will restart automatically when finished. Please do not interrupt the setup.\n\n**Device Info:**\n- **Name:** {computername}\n- **Serial:** {serialnumber}\n- **OS Version:** {osversion}",
  "button1text": "Setup in Progress...",
  "button1disabled": true,
  "blurscreen": true,
  "ontop": true,
  "width": "80%",
  "height": "80%",
  "progress": "1",
  "progresstext": "Initializing setup...",
  "listitem": [
    {
      "title": "Company Portal",
      "icon": "/Library/Application Support/SwiftDialogResources/icons/CompanyPortal.png",
      "status": "pending",
      "statustext": "Pending"
    },
    {
      "title": "Microsoft Edge",
      "icon": "/Library/Application Support/SwiftDialogResources/icons/Edge.png",
      "status": "pending",
      "statustext": "Pending"
    },
    {
      "title": "Microsoft Defender",
      "icon": "/Library/Application Support/SwiftDialogResources/icons/Defender.png",
      "status": "pending",
      "statustext": "Pending"
    },
    {
      "title": "Microsoft Office 365",
      "icon": "/Library/Application Support/SwiftDialogResources/icons/Office365.png",
      "status": "pending",
      "statustext": "Pending"
    },
    {
      "title": "Microsoft Teams",
      "icon": "/Library/Application Support/SwiftDialogResources/icons/Teams.png",
      "status": "pending",
      "statustext": "Pending"
    },
    {
      "title": "Device Rename",
      "icon": "SF=pencil.circle",
      "status": "pending",
      "statustext": "Pending"
    },
    {
      "title": "Dock Configuration",
      "icon": "SF=dock.rectangle",
      "status": "pending",
      "statustext": "Pending"
    },
    {
      "title": "Set Timezone",
      "icon": "SF=globe",
      "status": "pending",
      "statustext": "Pending"
    },
    {
      "title": "Reboot",
      "icon": "SF=arrow.counterclockwise",
      "status": "pending",
      "statustext": "Pending"
    }
  ]
}
